dateRep,day,month,year,cases,deaths,recovered,cases_acc,deaths_acc,recovered_acc,Region,popData2018,pcr,uci
03-03-2020,3,3,2020,0,0,0,0,0,0,Antofagasta,0,0,0
04-03-2020,4,3,2020,0,0,0,0,0,0,Antofagasta,0,0,0
05-03-2020,5,3,2020,0,0,0,0,0,0,Antofagasta,0,0,0
06-03-2020,6,3,2020,0,0,0,0,0,0,Antofagasta,0,0,0
07-03-2020,7,3,2020,0,0,0,0,0,0,Antofagasta,0,0,0
08-03-2020,8,3,2020,0,0,0,0,0,0,Antofagasta,0,0,0
09-03-2020,9,3,2020,0,0,0,0,0,0,Antofagasta,0,0,0
10-03-2020,10,3,2020,0,0,0,0,0,0,Antofagasta,0,0,0
11-03-2020,11,3,2020,0,0,0,0,0,0,Antofagasta,0,0,0
12-03-2020,12,3,2020,0,0,0,0,0,0,Antofagasta,0,0,0
13-03-2020,13,3,2020,0,0,0,0,0,0,Antofagasta,0,0,0
14-03-2020,14,3,2020,0,0,0,2,0,0,Antofagasta,0,0,0
15-03-2020,15,3,2020,0,0,0,2,0,0,Antofagasta,0,0,0
16-03-2020,16,3,2020,0,0,0,2,0,0,Antofagasta,0,0,0
17-03-2020,17,3,2020,0,0,0,2,0,0,Antofagasta,0,0,0
18-03-2020,18,3,2020,0,0,0,2,0,0,Antofagasta,0,0,0
19-03-2020,19,3,2020,0,0,0,2,0,0,Antofagasta,0,0,0
20-03-2020,20,3,2020,0,0,0,6,0,0,Antofagasta,0,0,0
21-03-2020,21,3,2020,0,0,0,10,0,0,Antofagasta,0,0,0
22-03-2020,22,3,2020,0,0,0,11,0,0,Antofagasta,0,0,0
23-03-2020,23,3,2020,0,0,0,11,0,0,Antofagasta,0,0,0
24-03-2020,24,3,2020,0,0,0,13,0,0,Antofagasta,0,0,0
25-03-2020,25,3,2020,0,0,0,19,0,0,Antofagasta,0,0,0
26-03-2020,26,3,2020,0,0,0,20,0,0,Antofagasta,0,0,0
27-03-2020,27,3,2020,0,0,0,21,0,0,Antofagasta,0,0,0
28-03-2020,28,3,2020,0,0,0,25,0,0,Antofagasta,0,0,0
29-03-2020,29,3,2020,0,0,0,27,0,0,Antofagasta,0,0,0
30-03-2020,30,3,2020,0,0,0,35,0,0,Antofagasta,0,0,0
31-03-2020,31,3,2020,0,0,0,35,0,0,Antofagasta,0,0,0
01-04-2020,1,4,2020,0,0,0,39,0,0,Antofagasta,0,0,0
02-04-2020,2,4,2020,0,0,0,47,0,0,Antofagasta,0,0,0
03-04-2020,3,4,2020,0,0,0,54,0,0,Antofagasta,0,0,0
04-04-2020,4,4,2020,0,0,0,55,0,0,Antofagasta,0,0,0
05-04-2020,5,4,2020,0,0,0,60,0,0,Antofagasta,0,0,0
06-04-2020,6,4,2020,0,0,0,68,0,0,Antofagasta,0,0,0
07-04-2020,7,4,2020,0,0,0,69,1,0,Antofagasta,0,0,0
08-04-2020,8,4,2020,0,0,0,77,1,0,Antofagasta,0,0,0
09-04-2020,9,4,2020,0,0,0,92,1,0,Antofagasta,0,0,0
10-04-2020,10,4,2020,0,0,0,110,1,0,Antofagasta,0,0,0
11-04-2020,11,4,2020,0,0,0,117,1,0,Antofagasta,0,0,0
12-04-2020,12,4,2020,0,0,0,138,1,0,Antofagasta,0,0,0
13-04-2020,13,4,2020,0,0,0,149,1,0,Antofagasta,0,0,0
14-04-2020,14,4,2020,0,0,0,155,1,0,Antofagasta,0,0,0
15-04-2020,15,4,2020,0,0,0,176,1,0,Antofagasta,0,0,0
16-04-2020,16,4,2020,0,0,0,192,1,0,Antofagasta,0,0,0
17-04-2020,17,4,2020,0,0,0,211,1,0,Antofagasta,0,0,0
18-04-2020,18,4,2020,0,0,0,226,1,0,Antofagasta,0,0,0
03-03-2020,3,3,2020,0,0,0,0,0,0,Araucania,0,0,0
04-03-2020,4,3,2020,0,0,0,0,0,0,Araucania,0,0,0
05-03-2020,5,3,2020,0,0,0,0,0,0,Araucania,0,0,0
06-03-2020,6,3,2020,0,0,0,0,0,0,Araucania,0,0,0
07-03-2020,7,3,2020,0,0,0,0,0,0,Araucania,0,0,0
08-03-2020,8,3,2020,0,0,0,0,0,0,Araucania,0,0,0
09-03-2020,9,3,2020,0,0,0,0,0,0,Araucania,0,0,0
10-03-2020,10,3,2020,0,0,0,0,0,0,Araucania,0,0,0
11-03-2020,11,3,2020,0,0,0,0,0,0,Araucania,0,0,0
12-03-2020,12,3,2020,0,0,0,0,0,0,Araucania,0,0,0
13-03-2020,13,3,2020,0,0,0,0,0,0,Araucania,0,0,0
14-03-2020,14,3,2020,0,0,0,0,0,0,Araucania,0,0,0
15-03-2020,15,3,2020,0,0,0,0,0,0,Araucania,0,0,0
16-03-2020,16,3,2020,0,0,0,1,0,0,Araucania,0,0,0
17-03-2020,17,3,2020,0,0,0,1,0,0,Araucania,0,0,0
18-03-2020,18,3,2020,0,0,0,4,0,0,Araucania,0,0,0
19-03-2020,19,3,2020,0,0,0,7,0,0,Araucania,0,0,0
20-03-2020,20,3,2020,0,0,0,9,0,0,Araucania,0,0,0
21-03-2020,21,3,2020,0,0,0,15,0,0,Araucania,0,0,0
22-03-2020,22,3,2020,0,0,0,27,0,0,Araucania,0,0,0
23-03-2020,23,3,2020,0,0,0,40,0,0,Araucania,0,0,0
24-03-2020,24,3,2020,0,0,0,59,0,0,Araucania,0,0,0
25-03-2020,25,3,2020,0,0,0,74,0,0,Araucania,0,0,0
26-03-2020,26,3,2020,0,0,0,111,0,0,Araucania,0,0,0
27-03-2020,27,3,2020,0,0,0,143,0,0,Araucania,0,0,0
28-03-2020,28,3,2020,0,0,0,177,1,0,Araucania,0,0,0
29-03-2020,29,3,2020,0,0,0,205,2,0,Araucania,0,0,0
30-03-2020,30,3,2020,0,0,0,247,2,0,Araucania,0,0,0
31-03-2020,31,3,2020,0,0,0,302,4,0,Araucania,0,0,0
01-04-2020,1,4,2020,0,0,0,343,6,0,Araucania,0,0,0
02-04-2020,2,4,2020,0,0,0,389,7,0,Araucania,0,0,0
03-04-2020,3,4,2020,0,0,0,432,7,0,Araucania,0,0,0
04-04-2020,4,4,2020,0,0,0,477,9,0,Araucania,0,0,0
05-04-2020,5,4,2020,0,0,0,509,13,0,Araucania,0,0,0
06-04-2020,6,4,2020,0,0,0,562,14,0,Araucania,0,0,0
07-04-2020,7,4,2020,0,0,0,612,14,0,Araucania,0,0,0
08-04-2020,8,4,2020,0,0,0,669,15,0,Araucania,0,0,0
09-04-2020,9,4,2020,0,0,0,689,16,0,Araucania,0,0,0
10-04-2020,10,4,2020,0,0,0,712,16,0,Araucania,0,0,0
11-04-2020,11,4,2020,0,0,0,739,17,0,Araucania,0,0,0
12-04-2020,12,4,2020,0,0,0,775,17,0,Araucania,0,0,0
13-04-2020,13,4,2020,0,0,0,795,17,0,Araucania,0,0,0
14-04-2020,14,4,2020,0,0,0,816,20,0,Araucania,0,0,0
15-04-2020,15,4,2020,0,0,0,826,21,0,Araucania,0,0,0
16-04-2020,16,4,2020,0,0,0,882,21,0,Araucania,0,0,0
17-04-2020,17,4,2020,0,0,0,907,22,0,Araucania,0,0,0
18-04-2020,18,4,2020,0,0,0,944,23,0,Araucania,0,0,0
03-03-2020,3,3,2020,0,0,0,0,0,0,Arica y Parinacota,0,0,0
04-03-2020,4,3,2020,0,0,0,0,0,0,Arica y Parinacota,0,0,0
05-03-2020,5,3,2020,0,0,0,0,0,0,Arica y Parinacota,0,0,0
06-03-2020,6,3,2020,0,0,0,0,0,0,Arica y Parinacota,0,0,0
07-03-2020,7,3,2020,0,0,0,0,0,0,Arica y Parinacota,0,0,0
08-03-2020,8,3,2020,0,0,0,0,0,0,Arica y Parinacota,0,0,0
09-03-2020,9,3,2020,0,0,0,0,0,0,Arica y Parinacota,0,0,0
10-03-2020,10,3,2020,0,0,0,0,0,0,Arica y Parinacota,0,0,0
11-03-2020,11,3,2020,0,0,0,0,0,0,Arica y Parinacota,0,0,0
12-03-2020,12,3,2020,0,0,0,0,0,0,Arica y Parinacota,0,0,0
13-03-2020,13,3,2020,0,0,0,0,0,0,Arica y Parinacota,0,0,0
14-03-2020,14,3,2020,0,0,0,0,0,0,Arica y Parinacota,0,0,0
15-03-2020,15,3,2020,0,0,0,0,0,0,Arica y Parinacota,0,0,0
16-03-2020,16,3,2020,0,0,0,0,0,0,Arica y Parinacota,0,0,0
17-03-2020,17,3,2020,0,0,0,0,0,0,Arica y Parinacota,0,0,0
18-03-2020,18,3,2020,0,0,0,0,0,0,Arica y Parinacota,0,0,0
19-03-2020,19,3,2020,0,0,0,1,0,0,Arica y Parinacota,0,0,0
20-03-2020,20,3,2020,0,0,0,1,0,0,Arica y Parinacota,0,0,0
21-03-2020,21,3,2020,0,0,0,1,0,0,Arica y Parinacota,0,0,0
22-03-2020,22,3,2020,0,0,0,2,0,0,Arica y Parinacota,0,0,0
23-03-2020,23,3,2020,0,0,0,2,0,0,Arica y Parinacota,0,0,0
24-03-2020,24,3,2020,0,0,0,2,0,0,Arica y Parinacota,0,0,0
25-03-2020,25,3,2020,0,0,0,2,0,0,Arica y Parinacota,0,0,0
26-03-2020,26,3,2020,0,0,0,3,0,0,Arica y Parinacota,0,0,0
27-03-2020,27,3,2020,0,0,0,3,0,0,Arica y Parinacota,0,0,0
28-03-2020,28,3,2020,0,0,0,3,0,0,Arica y Parinacota,0,0,0
29-03-2020,29,3,2020,0,0,0,4,0,0,Arica y Parinacota,0,0,0
30-03-2020,30,3,2020,0,0,0,6,0,0,Arica y Parinacota,0,0,0
31-03-2020,31,3,2020,0,0,0,6,0,0,Arica y Parinacota,0,0,0
01-04-2020,1,4,2020,0,0,0,6,0,0,Arica y Parinacota,0,0,0
02-04-2020,2,4,2020,0,0,0,7,0,0,Arica y Parinacota,0,0,0
03-04-2020,3,4,2020,0,0,0,12,0,0,Arica y Parinacota,0,0,0
04-04-2020,4,4,2020,0,0,0,12,0,0,Arica y Parinacota,0,0,0
05-04-2020,5,4,2020,0,0,0,28,0,0,Arica y Parinacota,0,0,0
06-04-2020,6,4,2020,0,0,0,41,0,0,Arica y Parinacota,0,0,0
07-04-2020,7,4,2020,0,0,0,53,0,0,Arica y Parinacota,0,0,0
08-04-2020,8,4,2020,0,0,0,63,0,0,Arica y Parinacota,0,0,0
09-04-2020,9,4,2020,0,0,0,75,0,0,Arica y Parinacota,0,0,0
10-04-2020,10,4,2020,0,0,0,87,0,0,Arica y Parinacota,0,0,0
11-04-2020,11,4,2020,0,0,0,107,0,0,Arica y Parinacota,0,0,0
12-04-2020,12,4,2020,0,0,0,115,1,0,Arica y Parinacota,0,0,0
13-04-2020,13,4,2020,0,0,0,115,1,0,Arica y Parinacota,0,0,0
14-04-2020,14,4,2020,0,0,0,120,1,0,Arica y Parinacota,0,0,0
15-04-2020,15,4,2020,0,0,0,124,1,0,Arica y Parinacota,0,0,0
16-04-2020,16,4,2020,0,0,0,129,1,0,Arica y Parinacota,0,0,0
17-04-2020,17,4,2020,0,0,0,134,2,0,Arica y Parinacota,0,0,0
18-04-2020,18,4,2020,0,0,0,142,2,0,Arica y Parinacota,0,0,0
03-03-2020,3,3,2020,0,0,0,0,0,0,Atacama,0,0,0
04-03-2020,4,3,2020,0,0,0,0,0,0,Atacama,0,0,0
05-03-2020,5,3,2020,0,0,0,0,0,0,Atacama,0,0,0
06-03-2020,6,3,2020,0,0,0,0,0,0,Atacama,0,0,0
07-03-2020,7,3,2020,0,0,0,0,0,0,Atacama,0,0,0
08-03-2020,8,3,2020,0,0,0,0,0,0,Atacama,0,0,0
09-03-2020,9,3,2020,0,0,0,0,0,0,Atacama,0,0,0
10-03-2020,10,3,2020,0,0,0,0,0,0,Atacama,0,0,0
11-03-2020,11,3,2020,0,0,0,0,0,0,Atacama,0,0,0
12-03-2020,12,3,2020,0,0,0,0,0,0,Atacama,0,0,0
13-03-2020,13,3,2020,0,0,0,0,0,0,Atacama,0,0,0
14-03-2020,14,3,2020,0,0,0,1,0,0,Atacama,0,0,0
15-03-2020,15,3,2020,0,0,0,1,0,0,Atacama,0,0,0
16-03-2020,16,3,2020,0,0,0,1,0,0,Atacama,0,0,0
17-03-2020,17,3,2020,0,0,0,1,0,0,Atacama,0,0,0
18-03-2020,18,3,2020,0,0,0,1,0,0,Atacama,0,0,0
19-03-2020,19,3,2020,0,0,0,1,0,0,Atacama,0,0,0
20-03-2020,20,3,2020,0,0,0,1,0,0,Atacama,0,0,0
21-03-2020,21,3,2020,0,0,0,1,0,0,Atacama,0,0,0
22-03-2020,22,3,2020,0,0,0,1,0,0,Atacama,0,0,0
23-03-2020,23,3,2020,0,0,0,1,0,0,Atacama,0,0,0
24-03-2020,24,3,2020,0,0,0,1,0,0,Atacama,0,0,0
25-03-2020,25,3,2020,0,0,0,1,0,0,Atacama,0,0,0
26-03-2020,26,3,2020,0,0,0,1,0,0,Atacama,0,0,0
27-03-2020,27,3,2020,0,0,0,1,0,0,Atacama,0,0,0
28-03-2020,28,3,2020,0,0,0,1,0,0,Atacama,0,0,0
29-03-2020,29,3,2020,0,0,0,2,0,0,Atacama,0,0,0
30-03-2020,30,3,2020,0,0,0,2,0,0,Atacama,0,0,0
31-03-2020,31,3,2020,0,0,0,2,0,0,Atacama,0,0,0
01-04-2020,1,4,2020,0,0,0,3,0,0,Atacama,0,0,0
02-04-2020,2,4,2020,0,0,0,3,0,0,Atacama,0,0,0
03-04-2020,3,4,2020,0,0,0,5,0,0,Atacama,0,0,0
04-04-2020,4,4,2020,0,0,0,5,0,0,Atacama,0,0,0
05-04-2020,5,4,2020,0,0,0,5,0,0,Atacama,0,0,0
06-04-2020,6,4,2020,0,0,0,5,0,0,Atacama,0,0,0
07-04-2020,7,4,2020,0,0,0,6,0,0,Atacama,0,0,0
08-04-2020,8,4,2020,0,0,0,8,0,0,Atacama,0,0,0
09-04-2020,9,4,2020,0,0,0,10,0,0,Atacama,0,0,0
10-04-2020,10,4,2020,0,0,0,13,0,0,Atacama,0,0,0
11-04-2020,11,4,2020,0,0,0,13,0,0,Atacama,0,0,0
12-04-2020,12,4,2020,0,0,0,13,0,0,Atacama,0,0,0
13-04-2020,13,4,2020,0,0,0,13,0,0,Atacama,0,0,0
14-04-2020,14,4,2020,0,0,0,13,0,0,Atacama,0,0,0
15-04-2020,15,4,2020,0,0,0,13,0,0,Atacama,0,0,0
16-04-2020,16,4,2020,0,0,0,13,0,0,Atacama,0,0,0
17-04-2020,17,4,2020,0,0,0,13,0,0,Atacama,0,0,0
18-04-2020,18,4,2020,0,0,0,13,0,0,Atacama,0,0,0
03-03-2020,3,3,2020,0,0,0,0,0,0,Aysen,0,0,0
04-03-2020,4,3,2020,0,0,0,0,0,0,Aysen,0,0,0
05-03-2020,5,3,2020,0,0,0,0,0,0,Aysen,0,0,0
06-03-2020,6,3,2020,0,0,0,0,0,0,Aysen,0,0,0
07-03-2020,7,3,2020,0,0,0,0,0,0,Aysen,0,0,0
08-03-2020,8,3,2020,0,0,0,0,0,0,Aysen,0,0,0
09-03-2020,9,3,2020,0,0,0,0,0,0,Aysen,0,0,0
10-03-2020,10,3,2020,0,0,0,0,0,0,Aysen,0,0,0
11-03-2020,11,3,2020,0,0,0,0,0,0,Aysen,0,0,0
12-03-2020,12,3,2020,0,0,0,0,0,0,Aysen,0,0,0
13-03-2020,13,3,2020,0,0,0,0,0,0,Aysen,0,0,0
14-03-2020,14,3,2020,0,0,0,1,0,0,Aysen,0,0,0
15-03-2020,15,3,2020,0,0,0,1,0,0,Aysen,0,0,0
16-03-2020,16,3,2020,0,0,0,1,0,0,Aysen,0,0,0
17-03-2020,17,3,2020,0,0,0,1,0,0,Aysen,0,0,0
18-03-2020,18,3,2020,0,0,0,1,0,0,Aysen,0,0,0
19-03-2020,19,3,2020,0,0,0,1,0,0,Aysen,0,0,0
20-03-2020,20,3,2020,0,0,0,1,0,0,Aysen,0,0,0
21-03-2020,21,3,2020,0,0,0,1,0,0,Aysen,0,0,0
22-03-2020,22,3,2020,0,0,0,1,0,0,Aysen,0,0,0
23-03-2020,23,3,2020,0,0,0,1,0,0,Aysen,0,0,0
24-03-2020,24,3,2020,0,0,0,1,0,0,Aysen,0,0,0
25-03-2020,25,3,2020,0,0,0,1,0,0,Aysen,0,0,0
26-03-2020,26,3,2020,0,0,0,2,0,0,Aysen,0,0,0
27-03-2020,27,3,2020,0,0,0,2,0,0,Aysen,0,0,0
28-03-2020,28,3,2020,0,0,0,2,0,0,Aysen,0,0,0
29-03-2020,29,3,2020,0,0,0,2,0,0,Aysen,0,0,0
30-03-2020,30,3,2020,0,0,0,2,0,0,Aysen,0,0,0
31-03-2020,31,3,2020,0,0,0,2,0,0,Aysen,0,0,0
01-04-2020,1,4,2020,0,0,0,3,0,0,Aysen,0,0,0
02-04-2020,2,4,2020,0,0,0,5,0,0,Aysen,0,0,0
03-04-2020,3,4,2020,0,0,0,6,0,0,Aysen,0,0,0
04-04-2020,4,4,2020,0,0,0,6,0,0,Aysen,0,0,0
05-04-2020,5,4,2020,0,0,0,7,0,0,Aysen,0,0,0
06-04-2020,6,4,2020,0,0,0,7,0,0,Aysen,0,0,0
07-04-2020,7,4,2020,0,0,0,7,0,0,Aysen,0,0,0
08-04-2020,8,4,2020,0,0,0,7,0,0,Aysen,0,0,0
09-04-2020,9,4,2020,0,0,0,7,0,0,Aysen,0,0,0
10-04-2020,10,4,2020,0,0,0,7,0,0,Aysen,0,0,0
11-04-2020,11,4,2020,0,0,0,7,0,0,Aysen,0,0,0
12-04-2020,12,4,2020,0,0,0,7,0,0,Aysen,0,0,0
13-04-2020,13,4,2020,0,0,0,7,0,0,Aysen,0,0,0
14-04-2020,14,4,2020,0,0,0,7,0,0,Aysen,0,0,0
15-04-2020,15,4,2020,0,0,0,7,0,0,Aysen,0,0,0
16-04-2020,16,4,2020,0,0,0,7,0,0,Aysen,0,0,0
17-04-2020,17,4,2020,0,0,0,7,0,0,Aysen,0,0,0
18-04-2020,18,4,2020,0,0,0,7,0,0,Aysen,0,0,0
03-03-2020,3,3,2020,0,0,0,0,0,0,Biobio,0,0,0
04-03-2020,4,3,2020,0,0,0,0,0,0,Biobio,0,0,0
05-03-2020,5,3,2020,0,0,0,0,0,0,Biobio,0,0,0
06-03-2020,6,3,2020,0,0,0,0,0,0,Biobio,0,0,0
07-03-2020,7,3,2020,0,0,0,0,0,0,Biobio,0,0,0
08-03-2020,8,3,2020,0,0,0,0,0,0,Biobio,0,0,0
09-03-2020,9,3,2020,0,0,0,1,0,0,Biobio,0,0,0
10-03-2020,10,3,2020,0,0,0,1,0,0,Biobio,0,0,0
11-03-2020,11,3,2020,0,0,0,1,0,0,Biobio,0,0,0
12-03-2020,12,3,2020,0,0,0,1,0,0,Biobio,0,0,0
13-03-2020,13,3,2020,0,0,0,3,0,0,Biobio,0,0,0
14-03-2020,14,3,2020,0,0,0,3,0,0,Biobio,0,0,0
15-03-2020,15,3,2020,0,0,0,3,0,0,Biobio,0,0,0
16-03-2020,16,3,2020,0,0,0,4,0,0,Biobio,0,0,0
17-03-2020,17,3,2020,0,0,0,4,0,0,Biobio,0,0,0
18-03-2020,18,3,2020,0,0,0,7,0,0,Biobio,0,0,0
19-03-2020,19,3,2020,0,0,0,14,0,0,Biobio,0,0,0
20-03-2020,20,3,2020,0,0,0,19,0,0,Biobio,0,0,0
21-03-2020,21,3,2020,0,0,0,30,0,0,Biobio,0,0,0
22-03-2020,22,3,2020,0,0,0,35,0,0,Biobio,0,0,0
23-03-2020,23,3,2020,0,0,0,46,0,0,Biobio,0,0,0
24-03-2020,24,3,2020,0,0,0,73,0,0,Biobio,0,0,0
25-03-2020,25,3,2020,0,0,0,95,1,0,Biobio,0,0,0
26-03-2020,26,3,2020,0,0,0,109,1,0,Biobio,0,0,0
27-03-2020,27,3,2020,0,0,0,135,2,0,Biobio,0,0,0
28-03-2020,28,3,2020,0,0,0,151,2,0,Biobio,0,0,0
29-03-2020,29,3,2020,0,0,0,185,2,0,Biobio,0,0,0
30-03-2020,30,3,2020,0,0,0,201,2,0,Biobio,0,0,0
31-03-2020,31,3,2020,0,0,0,216,2,0,Biobio,0,0,0
01-04-2020,1,4,2020,0,0,0,240,2,0,Biobio,0,0,0
02-04-2020,2,4,2020,0,0,0,275,2,0,Biobio,0,0,0
03-04-2020,3,4,2020,0,0,0,302,2,0,Biobio,0,0,0
04-04-2020,4,4,2020,0,0,0,347,2,0,Biobio,0,0,0
05-04-2020,5,4,2020,0,0,0,365,2,0,Biobio,0,0,0
06-04-2020,6,4,2020,0,0,0,383,2,0,Biobio,0,0,0
07-04-2020,7,4,2020,0,0,0,410,2,0,Biobio,0,0,0
08-04-2020,8,4,2020,0,0,0,439,2,0,Biobio,0,0,0
09-04-2020,9,4,2020,0,0,0,460,2,0,Biobio,0,0,0
10-04-2020,10,4,2020,0,0,0,474,2,0,Biobio,0,0,0
11-04-2020,11,4,2020,0,0,0,490,2,0,Biobio,0,0,0
12-04-2020,12,4,2020,0,0,0,500,2,0,Biobio,0,0,0
13-04-2020,13,4,2020,0,0,0,512,2,0,Biobio,0,0,0
14-04-2020,14,4,2020,0,0,0,528,2,0,Biobio,0,0,0
15-04-2020,15,4,2020,0,0,0,542,2,0,Biobio,0,0,0
16-04-2020,16,4,2020,0,0,0,559,2,0,Biobio,0,0,0
17-04-2020,17,4,2020,0,0,0,578,3,0,Biobio,0,0,0
18-04-2020,18,4,2020,0,0,0,606,3,0,Biobio,0,0,0
03-03-2020,3,3,2020,0,0,0,0,0,0,Coquimbo,0,0,0
04-03-2020,4,3,2020,0,0,0,0,0,0,Coquimbo,0,0,0
05-03-2020,5,3,2020,0,0,0,0,0,0,Coquimbo,0,0,0
06-03-2020,6,3,2020,0,0,0,0,0,0,Coquimbo,0,0,0
07-03-2020,7,3,2020,0,0,0,0,0,0,Coquimbo,0,0,0
08-03-2020,8,3,2020,0,0,0,0,0,0,Coquimbo,0,0,0
09-03-2020,9,3,2020,0,0,0,0,0,0,Coquimbo,0,0,0
10-03-2020,10,3,2020,0,0,0,0,0,0,Coquimbo,0,0,0
11-03-2020,11,3,2020,0,0,0,0,0,0,Coquimbo,0,0,0
12-03-2020,12,3,2020,0,0,0,0,0,0,Coquimbo,0,0,0
13-03-2020,13,3,2020,0,0,0,0,0,0,Coquimbo,0,0,0
14-03-2020,14,3,2020,0,0,0,0,0,0,Coquimbo,0,0,0
15-03-2020,15,3,2020,0,0,0,0,0,0,Coquimbo,0,0,0
16-03-2020,16,3,2020,0,0,0,0,0,0,Coquimbo,0,0,0
17-03-2020,17,3,2020,0,0,0,0,0,0,Coquimbo,0,0,0
18-03-2020,18,3,2020,0,0,0,0,0,0,Coquimbo,0,0,0
19-03-2020,19,3,2020,0,0,0,2,0,0,Coquimbo,0,0,0
20-03-2020,20,3,2020,0,0,0,3,0,0,Coquimbo,0,0,0
21-03-2020,21,3,2020,0,0,0,3,0,0,Coquimbo,0,0,0
22-03-2020,22,3,2020,0,0,0,5,0,0,Coquimbo,0,0,0
23-03-2020,23,3,2020,0,0,0,6,0,0,Coquimbo,0,0,0
24-03-2020,24,3,2020,0,0,0,11,0,0,Coquimbo,0,0,0
25-03-2020,25,3,2020,0,0,0,12,0,0,Coquimbo,0,0,0
26-03-2020,26,3,2020,0,0,0,13,0,0,Coquimbo,0,0,0
27-03-2020,27,3,2020,0,0,0,14,0,0,Coquimbo,0,0,0
28-03-2020,28,3,2020,0,0,0,15,0,0,Coquimbo,0,0,0
29-03-2020,29,3,2020,0,0,0,18,0,0,Coquimbo,0,0,0
30-03-2020,30,3,2020,0,0,0,27,0,0,Coquimbo,0,0,0
31-03-2020,31,3,2020,0,0,0,28,0,0,Coquimbo,0,0,0
01-04-2020,1,4,2020,0,0,0,30,0,0,Coquimbo,0,0,0
02-04-2020,2,4,2020,0,0,0,34,0,0,Coquimbo,0,0,0
03-04-2020,3,4,2020,0,0,0,35,0,0,Coquimbo,0,0,0
04-04-2020,4,4,2020,0,0,0,44,0,0,Coquimbo,0,0,0
05-04-2020,5,4,2020,0,0,0,50,0,0,Coquimbo,0,0,0
06-04-2020,6,4,2020,0,0,0,51,0,0,Coquimbo,0,0,0
07-04-2020,7,4,2020,0,0,0,52,0,0,Coquimbo,0,0,0
08-04-2020,8,4,2020,0,0,0,56,0,0,Coquimbo,0,0,0
09-04-2020,9,4,2020,0,0,0,61,0,0,Coquimbo,0,0,0
10-04-2020,10,4,2020,0,0,0,61,0,0,Coquimbo,0,0,0
11-04-2020,11,4,2020,0,0,0,64,0,0,Coquimbo,0,0,0
12-04-2020,12,4,2020,0,0,0,66,0,0,Coquimbo,0,0,0
13-04-2020,13,4,2020,0,0,0,66,0,0,Coquimbo,0,0,0
14-04-2020,14,4,2020,0,0,0,66,0,0,Coquimbo,0,0,0
15-04-2020,15,4,2020,0,0,0,66,0,0,Coquimbo,0,0,0
16-04-2020,16,4,2020,0,0,0,68,0,0,Coquimbo,0,0,0
17-04-2020,17,4,2020,0,0,0,68,0,0,Coquimbo,0,0,0
18-04-2020,18,4,2020,0,0,0,68,0,0,Coquimbo,0,0,0
03-03-2020,3,3,2020,0,0,0,0,0,0,Los Lagos,0,0,0
04-03-2020,4,3,2020,0,0,0,0,0,0,Los Lagos,0,0,0
05-03-2020,5,3,2020,0,0,0,0,0,0,Los Lagos,0,0,0
06-03-2020,6,3,2020,0,0,0,0,0,0,Los Lagos,0,0,0
07-03-2020,7,3,2020,0,0,0,1,0,0,Los Lagos,0,0,0
08-03-2020,8,3,2020,0,0,0,1,0,0,Los Lagos,0,0,0
09-03-2020,9,3,2020,0,0,0,1,0,0,Los Lagos,0,0,0
10-03-2020,10,3,2020,0,0,0,1,0,0,Los Lagos,0,0,0
11-03-2020,11,3,2020,0,0,0,1,0,0,Los Lagos,0,0,0
12-03-2020,12,3,2020,0,0,0,1,0,0,Los Lagos,0,0,0
13-03-2020,13,3,2020,0,0,0,1,0,0,Los Lagos,0,0,0
14-03-2020,14,3,2020,0,0,0,1,0,0,Los Lagos,0,0,0
15-03-2020,15,3,2020,0,0,0,1,0,0,Los Lagos,0,0,0
16-03-2020,16,3,2020,0,0,0,1,0,0,Los Lagos,0,0,0
17-03-2020,17,3,2020,0,0,0,1,0,0,Los Lagos,0,0,0
18-03-2020,18,3,2020,0,0,0,8,0,0,Los Lagos,0,0,0
19-03-2020,19,3,2020,0,0,0,16,0,0,Los Lagos,0,0,0
20-03-2020,20,3,2020,0,0,0,18,0,0,Los Lagos,0,0,0
21-03-2020,21,3,2020,0,0,0,20,0,0,Los Lagos,0,0,0
22-03-2020,22,3,2020,0,0,0,23,0,0,Los Lagos,0,0,0
23-03-2020,23,3,2020,0,0,0,33,0,0,Los Lagos,0,0,0
24-03-2020,24,3,2020,0,0,0,36,0,0,Los Lagos,0,0,0
25-03-2020,25,3,2020,0,0,0,44,0,0,Los Lagos,0,0,0
26-03-2020,26,3,2020,0,0,0,60,0,0,Los Lagos,0,0,0
27-03-2020,27,3,2020,0,0,0,63,0,0,Los Lagos,0,0,0
28-03-2020,28,3,2020,0,0,0,93,0,0,Los Lagos,0,0,0
29-03-2020,29,3,2020,0,0,0,104,0,0,Los Lagos,0,0,0
30-03-2020,30,3,2020,0,0,0,128,0,0,Los Lagos,0,0,0
31-03-2020,31,3,2020,0,0,0,151,0,0,Los Lagos,0,0,0
01-04-2020,1,4,2020,0,0,0,181,0,0,Los Lagos,0,0,0
02-04-2020,2,4,2020,0,0,0,203,0,0,Los Lagos,0,0,0
03-04-2020,3,4,2020,0,0,0,234,0,0,Los Lagos,0,0,0
04-04-2020,4,4,2020,0,0,0,259,0,0,Los Lagos,0,0,0
05-04-2020,5,4,2020,0,0,0,276,1,0,Los Lagos,0,0,0
06-04-2020,6,4,2020,0,0,0,286,2,0,Los Lagos,0,0,0
07-04-2020,7,4,2020,0,0,0,299,2,0,Los Lagos,0,0,0
08-04-2020,8,4,2020,0,0,0,325,2,0,Los Lagos,0,0,0
09-04-2020,9,4,2020,0,0,0,340,2,0,Los Lagos,0,0,0
10-04-2020,10,4,2020,0,0,0,349,2,0,Los Lagos,0,0,0
11-04-2020,11,4,2020,0,0,0,364,5,0,Los Lagos,0,0,0
12-04-2020,12,4,2020,0,0,0,372,5,0,Los Lagos,0,0,0
13-04-2020,13,4,2020,0,0,0,380,5,0,Los Lagos,0,0,0
14-04-2020,14,4,2020,0,0,0,385,5,0,Los Lagos,0,0,0
15-04-2020,15,4,2020,0,0,0,390,5,0,Los Lagos,0,0,0
16-04-2020,16,4,2020,0,0,0,399,5,0,Los Lagos,0,0,0
17-04-2020,17,4,2020,0,0,0,412,6,0,Los Lagos,0,0,0
18-04-2020,18,4,2020,0,0,0,416,6,0,Los Lagos,0,0,0
03-03-2020,3,3,2020,0,0,0,0,0,0,Los Rios,0,0,0
04-03-2020,4,3,2020,0,0,0,0,0,0,Los Rios,0,0,0
05-03-2020,5,3,2020,0,0,0,0,0,0,Los Rios,0,0,0
06-03-2020,6,3,2020,0,0,0,0,0,0,Los Rios,0,0,0
07-03-2020,7,3,2020,0,0,0,0,0,0,Los Rios,0,0,0
08-03-2020,8,3,2020,0,0,0,0,0,0,Los Rios,0,0,0
09-03-2020,9,3,2020,0,0,0,0,0,0,Los Rios,0,0,0
10-03-2020,10,3,2020,0,0,0,0,0,0,Los Rios,0,0,0
11-03-2020,11,3,2020,0,0,0,0,0,0,Los Rios,0,0,0
12-03-2020,12,3,2020,0,0,0,0,0,0,Los Rios,0,0,0
13-03-2020,13,3,2020,0,0,0,0,0,0,Los Rios,0,0,0
14-03-2020,14,3,2020,0,0,0,0,0,0,Los Rios,0,0,0
15-03-2020,15,3,2020,0,0,0,0,0,0,Los Rios,0,0,0
16-03-2020,16,3,2020,0,0,0,1,0,0,Los Rios,0,0,0
17-03-2020,17,3,2020,0,0,0,1,0,0,Los Rios,0,0,0
18-03-2020,18,3,2020,0,0,0,1,0,0,Los Rios,0,0,0
19-03-2020,19,3,2020,0,0,0,1,0,0,Los Rios,0,0,0
20-03-2020,20,3,2020,0,0,0,1,0,0,Los Rios,0,0,0
21-03-2020,21,3,2020,0,0,0,1,0,0,Los Rios,0,0,0
22-03-2020,22,3,2020,0,0,0,1,0,0,Los Rios,0,0,0
23-03-2020,23,3,2020,0,0,0,4,0,0,Los Rios,0,0,0
24-03-2020,24,3,2020,0,0,0,6,0,0,Los Rios,0,0,0
25-03-2020,25,3,2020,0,0,0,11,0,0,Los Rios,0,0,0
26-03-2020,26,3,2020,0,0,0,14,0,0,Los Rios,0,0,0
27-03-2020,27,3,2020,0,0,0,22,0,0,Los Rios,0,0,0
28-03-2020,28,3,2020,0,0,0,27,0,0,Los Rios,0,0,0
29-03-2020,29,3,2020,0,0,0,40,0,0,Los Rios,0,0,0
30-03-2020,30,3,2020,0,0,0,47,0,0,Los Rios,0,0,0
31-03-2020,31,3,2020,0,0,0,58,0,0,Los Rios,0,0,0
01-04-2020,1,4,2020,0,0,0,64,1,0,Los Rios,0,0,0
02-04-2020,2,4,2020,0,0,0,68,1,0,Los Rios,0,0,0
03-04-2020,3,4,2020,0,0,0,78,1,0,Los Rios,0,0,0
04-04-2020,4,4,2020,0,0,0,89,1,0,Los Rios,0,0,0
05-04-2020,5,4,2020,0,0,0,99,1,0,Los Rios,0,0,0
06-04-2020,6,4,2020,0,0,0,104,1,0,Los Rios,0,0,0
07-04-2020,7,4,2020,0,0,0,109,2,0,Los Rios,0,0,0
08-04-2020,8,4,2020,0,0,0,114,2,0,Los Rios,0,0,0
09-04-2020,9,4,2020,0,0,0,118,2,0,Los Rios,0,0,0
10-04-2020,10,4,2020,0,0,0,124,2,0,Los Rios,0,0,0
11-04-2020,11,4,2020,0,0,0,130,2,0,Los Rios,0,0,0
12-04-2020,12,4,2020,0,0,0,135,3,0,Los Rios,0,0,0
13-04-2020,13,4,2020,0,0,0,138,3,0,Los Rios,0,0,0
14-04-2020,14,4,2020,0,0,0,148,3,0,Los Rios,0,0,0
15-04-2020,15,4,2020,0,0,0,150,3,0,Los Rios,0,0,0
16-04-2020,16,4,2020,0,0,0,153,3,0,Los Rios,0,0,0
17-04-2020,17,4,2020,0,0,0,154,3,0,Los Rios,0,0,0
18-04-2020,18,4,2020,0,0,0,156,3,0,Los Rios,0,0,0
03-03-2020,3,3,2020,0,0,0,0,0,0,Magallanes,0,0,0
04-03-2020,4,3,2020,0,0,0,0,0,0,Magallanes,0,0,0
05-03-2020,5,3,2020,0,0,0,0,0,0,Magallanes,0,0,0
06-03-2020,6,3,2020,0,0,0,0,0,0,Magallanes,0,0,0
07-03-2020,7,3,2020,0,0,0,0,0,0,Magallanes,0,0,0
08-03-2020,8,3,2020,0,0,0,0,0,0,Magallanes,0,0,0
09-03-2020,9,3,2020,0,0,0,0,0,0,Magallanes,0,0,0
10-03-2020,10,3,2020,0,0,0,0,0,0,Magallanes,0,0,0
11-03-2020,11,3,2020,0,0,0,0,0,0,Magallanes,0,0,0
12-03-2020,12,3,2020,0,0,0,0,0,0,Magallanes,0,0,0
13-03-2020,13,3,2020,0,0,0,0,0,0,Magallanes,0,0,0
14-03-2020,14,3,2020,0,0,0,0,0,0,Magallanes,0,0,0
15-03-2020,15,3,2020,0,0,0,0,0,0,Magallanes,0,0,0
16-03-2020,16,3,2020,0,0,0,0,0,0,Magallanes,0,0,0
17-03-2020,17,3,2020,0,0,0,2,0,0,Magallanes,0,0,0
18-03-2020,18,3,2020,0,0,0,2,0,0,Magallanes,0,0,0
19-03-2020,19,3,2020,0,0,0,2,0,0,Magallanes,0,0,0
20-03-2020,20,3,2020,0,0,0,2,0,0,Magallanes,0,0,0
21-03-2020,21,3,2020,0,0,0,3,0,0,Magallanes,0,0,0
22-03-2020,22,3,2020,0,0,0,4,0,0,Magallanes,0,0,0
23-03-2020,23,3,2020,0,0,0,6,0,0,Magallanes,0,0,0
24-03-2020,24,3,2020,0,0,0,8,0,0,Magallanes,0,0,0
25-03-2020,25,3,2020,0,0,0,13,0,0,Magallanes,0,0,0
26-03-2020,26,3,2020,0,0,0,19,0,0,Magallanes,0,0,0
27-03-2020,27,3,2020,0,0,0,22,0,0,Magallanes,0,0,0
28-03-2020,28,3,2020,0,0,0,26,0,0,Magallanes,0,0,0
29-03-2020,29,3,2020,0,0,0,39,0,0,Magallanes,0,0,0
30-03-2020,30,3,2020,0,0,0,39,0,0,Magallanes,0,0,0
31-03-2020,31,3,2020,0,0,0,63,0,0,Magallanes,0,0,0
01-04-2020,1,4,2020,0,0,0,99,0,0,Magallanes,0,0,0
02-04-2020,2,4,2020,0,0,0,114,0,0,Magallanes,0,0,0
03-04-2020,3,4,2020,0,0,0,156,1,0,Magallanes,0,0,0
04-04-2020,4,4,2020,0,0,0,172,2,0,Magallanes,0,0,0
05-04-2020,5,4,2020,0,0,0,190,2,0,Magallanes,0,0,0
06-04-2020,6,4,2020,0,0,0,221,2,0,Magallanes,0,0,0
07-04-2020,7,4,2020,0,0,0,240,2,0,Magallanes,0,0,0
08-04-2020,8,4,2020,0,0,0,266,3,0,Magallanes,0,0,0
09-04-2020,9,4,2020,0,0,0,286,3,0,Magallanes,0,0,0
10-04-2020,10,4,2020,0,0,0,331,3,0,Magallanes,0,0,0
11-04-2020,11,4,2020,0,0,0,377,3,0,Magallanes,0,0,0
12-04-2020,12,4,2020,0,0,0,396,4,0,Magallanes,0,0,0
13-04-2020,13,4,2020,0,0,0,415,5,0,Magallanes,0,0,0
14-04-2020,14,4,2020,0,0,0,429,6,0,Magallanes,0,0,0
15-04-2020,15,4,2020,0,0,0,444,6,0,Magallanes,0,0,0
16-04-2020,16,4,2020,0,0,0,467,6,0,Magallanes,0,0,0
17-04-2020,17,4,2020,0,0,0,501,6,0,Magallanes,0,0,0
18-04-2020,18,4,2020,0,0,0,522,6,0,Magallanes,0,0,0
03-03-2020,3,3,2020,0,0,0,1,0,0,Maule,0,0,0
04-03-2020,4,3,2020,0,0,0,2,0,0,Maule,0,0,0
05-03-2020,5,3,2020,0,0,0,2,0,0,Maule,0,0,0
06-03-2020,6,3,2020,0,0,0,2,0,0,Maule,0,0,0
07-03-2020,7,3,2020,0,0,0,2,0,0,Maule,0,0,0
08-03-2020,8,3,2020,0,0,0,3,0,0,Maule,0,0,0
09-03-2020,9,3,2020,0,0,0,4,0,0,Maule,0,0,0
10-03-2020,10,3,2020,0,0,0,5,0,0,Maule,0,0,0
11-03-2020,11,3,2020,0,0,0,7,0,0,Maule,0,0,0
12-03-2020,12,3,2020,0,0,0,7,0,0,Maule,0,0,0
13-03-2020,13,3,2020,0,0,0,8,0,0,Maule,0,0,0
14-03-2020,14,3,2020,0,0,0,9,0,0,Maule,0,0,0
15-03-2020,15,3,2020,0,0,0,9,0,0,Maule,0,0,0
16-03-2020,16,3,2020,0,0,0,9,0,0,Maule,0,0,0
17-03-2020,17,3,2020,0,0,0,9,0,0,Maule,0,0,0
18-03-2020,18,3,2020,0,0,0,11,0,0,Maule,0,0,0
19-03-2020,19,3,2020,0,0,0,14,0,0,Maule,0,0,0
20-03-2020,20,3,2020,0,0,0,14,0,0,Maule,0,0,0
21-03-2020,21,3,2020,0,0,0,15,0,0,Maule,0,0,0
22-03-2020,22,3,2020,0,0,0,25,0,0,Maule,0,0,0
23-03-2020,23,3,2020,0,0,0,28,0,0,Maule,0,0,0
24-03-2020,24,3,2020,0,0,0,29,0,0,Maule,0,0,0
25-03-2020,25,3,2020,0,0,0,30,0,0,Maule,0,0,0
26-03-2020,26,3,2020,0,0,0,31,0,0,Maule,0,0,0
27-03-2020,27,3,2020,0,0,0,32,0,0,Maule,0,0,0
28-03-2020,28,3,2020,0,0,0,37,0,0,Maule,0,0,0
29-03-2020,29,3,2020,0,0,0,42,0,0,Maule,0,0,0
30-03-2020,30,3,2020,0,0,0,54,1,0,Maule,0,0,0
31-03-2020,31,3,2020,0,0,0,62,1,0,Maule,0,0,0
01-04-2020,1,4,2020,0,0,0,71,1,0,Maule,0,0,0
02-04-2020,2,4,2020,0,0,0,82,1,0,Maule,0,0,0
03-04-2020,3,4,2020,0,0,0,89,1,0,Maule,0,0,0
04-04-2020,4,4,2020,0,0,0,97,1,0,Maule,0,0,0
05-04-2020,5,4,2020,0,0,0,103,1,0,Maule,0,0,0
06-04-2020,6,4,2020,0,0,0,108,1,0,Maule,0,0,0
07-04-2020,7,4,2020,0,0,0,108,2,0,Maule,0,0,0
08-04-2020,8,4,2020,0,0,0,119,2,0,Maule,0,0,0
09-04-2020,9,4,2020,0,0,0,128,2,0,Maule,0,0,0
10-04-2020,10,4,2020,0,0,0,131,2,0,Maule,0,0,0
11-04-2020,11,4,2020,0,0,0,134,3,0,Maule,0,0,0
12-04-2020,12,4,2020,0,0,0,138,3,0,Maule,0,0,0
13-04-2020,13,4,2020,0,0,0,141,3,0,Maule,0,0,0
14-04-2020,14,4,2020,0,0,0,142,4,0,Maule,0,0,0
15-04-2020,15,4,2020,0,0,0,152,4,0,Maule,0,0,0
16-04-2020,16,4,2020,0,0,0,167,4,0,Maule,0,0,0
17-04-2020,17,4,2020,0,0,0,223,7,0,Maule,0,0,0
18-04-2020,18,4,2020,0,0,0,276,8,0,Maule,0,0,0
03-03-2020,3,3,2020,0,0,0,0,0,0,Metropolitana,0,0,0
04-03-2020,4,3,2020,0,0,0,1,0,0,Metropolitana,0,0,0
05-03-2020,5,3,2020,0,0,0,2,0,0,Metropolitana,0,0,0
06-03-2020,6,3,2020,0,0,0,3,0,0,Metropolitana,0,0,0
07-03-2020,7,3,2020,0,0,0,4,0,0,Metropolitana,0,0,0
08-03-2020,8,3,2020,0,0,0,6,0,0,Metropolitana,0,0,0
09-03-2020,9,3,2020,0,0,0,9,0,0,Metropolitana,0,0,0
10-03-2020,10,3,2020,0,0,0,10,0,0,Metropolitana,0,0,0
11-03-2020,11,3,2020,0,0,0,14,0,0,Metropolitana,0,0,0
12-03-2020,12,3,2020,0,0,0,23,0,0,Metropolitana,0,0,0
13-03-2020,13,3,2020,0,0,0,29,0,0,Metropolitana,0,0,0
14-03-2020,14,3,2020,0,0,0,40,0,0,Metropolitana,0,0,0
15-03-2020,15,3,2020,0,0,0,54,0,0,Metropolitana,0,0,0
16-03-2020,16,3,2020,0,0,0,123,0,0,Metropolitana,0,0,0
17-03-2020,17,3,2020,0,0,0,152,0,0,Metropolitana,0,0,0
18-03-2020,18,3,2020,0,0,0,174,0,0,Metropolitana,0,0,0
19-03-2020,19,3,2020,0,0,0,247,0,0,Metropolitana,0,0,0
20-03-2020,20,3,2020,0,0,0,304,0,0,Metropolitana,0,0,0
21-03-2020,21,3,2020,0,0,0,359,0,0,Metropolitana,0,0,0
22-03-2020,22,3,2020,0,0,0,409,1,0,Metropolitana,0,0,0
23-03-2020,23,3,2020,0,0,0,459,1,0,Metropolitana,0,0,0
24-03-2020,24,3,2020,0,0,0,540,2,0,Metropolitana,0,0,0
25-03-2020,25,3,2020,0,0,0,682,2,0,Metropolitana,0,0,0
26-03-2020,26,3,2020,0,0,0,746,3,0,Metropolitana,0,0,0
27-03-2020,27,3,2020,0,0,0,938,3,0,Metropolitana,0,0,0
28-03-2020,28,3,2020,0,0,0,1084,3,0,Metropolitana,0,0,0
29-03-2020,29,3,2020,0,0,0,1167,3,0,Metropolitana,0,0,0
30-03-2020,30,3,2020,0,0,0,1295,3,0,Metropolitana,0,0,0
31-03-2020,31,3,2020,0,0,0,1420,4,0,Metropolitana,0,0,0
01-04-2020,1,4,2020,0,0,0,1521,5,0,Metropolitana,0,0,0
02-04-2020,2,4,2020,0,0,0,1636,6,0,Metropolitana,0,0,0
03-04-2020,3,4,2020,0,0,0,1742,8,0,Metropolitana,0,0,0
04-04-2020,4,4,2020,0,0,0,1957,9,0,Metropolitana,0,0,0
05-04-2020,5,4,2020,0,0,0,2102,10,0,Metropolitana,0,0,0
06-04-2020,6,4,2020,0,0,0,2244,10,0,Metropolitana,0,0,0
07-04-2020,7,4,2020,0,0,0,2350,12,0,Metropolitana,0,0,0
08-04-2020,8,4,2020,0,0,0,2548,14,0,Metropolitana,0,0,0
09-04-2020,9,4,2020,0,0,0,2832,21,0,Metropolitana,0,0,0
10-04-2020,10,4,2020,0,0,0,3193,29,0,Metropolitana,0,0,0
11-04-2020,11,4,2020,0,0,0,3448,32,0,Metropolitana,0,0,0
12-04-2020,12,4,2020,0,0,0,3599,35,0,Metropolitana,0,0,0
13-04-2020,13,4,2020,0,0,0,3803,36,0,Metropolitana,0,0,0
14-04-2020,14,4,2020,0,0,0,4086,40,0,Metropolitana,0,0,0
15-04-2020,15,4,2020,0,0,0,4334,41,0,Metropolitana,0,0,0
16-04-2020,16,4,2020,0,0,0,4682,48,0,Metropolitana,0,0,0
17-04-2020,17,4,2020,0,0,0,4915,51,0,Metropolitana,0,0,0
18-04-2020,18,4,2020,0,0,0,5192,58,0,Metropolitana,0,0,0
03-03-2020,3,3,2020,0,0,0,0,0,0,O'Higgins,0,0,0
04-03-2020,4,3,2020,0,0,0,0,0,0,O'Higgins,0,0,0
05-03-2020,5,3,2020,0,0,0,0,0,0,O'Higgins,0,0,0
06-03-2020,6,3,2020,0,0,0,0,0,0,O'Higgins,0,0,0
07-03-2020,7,3,2020,0,0,0,0,0,0,O'Higgins,0,0,0
08-03-2020,8,3,2020,0,0,0,0,0,0,O'Higgins,0,0,0
09-03-2020,9,3,2020,0,0,0,0,0,0,O'Higgins,0,0,0
10-03-2020,10,3,2020,0,0,0,0,0,0,O'Higgins,0,0,0
11-03-2020,11,3,2020,0,0,0,0,0,0,O'Higgins,0,0,0
12-03-2020,12,3,2020,0,0,0,0,0,0,O'Higgins,0,0,0
13-03-2020,13,3,2020,0,0,0,0,0,0,O'Higgins,0,0,0
14-03-2020,14,3,2020,0,0,0,0,0,0,O'Higgins,0,0,0
15-03-2020,15,3,2020,0,0,0,0,0,0,O'Higgins,0,0,0
16-03-2020,16,3,2020,0,0,0,0,0,0,O'Higgins,0,0,0
17-03-2020,17,3,2020,0,0,0,0,0,0,O'Higgins,0,0,0
18-03-2020,18,3,2020,0,0,0,0,0,0,O'Higgins,0,0,0
19-03-2020,19,3,2020,0,0,0,2,0,0,O'Higgins,0,0,0
20-03-2020,20,3,2020,0,0,0,6,0,0,O'Higgins,0,0,0
21-03-2020,21,3,2020,0,0,0,7,0,0,O'Higgins,0,0,0
22-03-2020,22,3,2020,0,0,0,8,0,0,O'Higgins,0,0,0
23-03-2020,23,3,2020,0,0,0,8,0,0,O'Higgins,0,0,0
24-03-2020,24,3,2020,0,0,0,9,0,0,O'Higgins,0,0,0
25-03-2020,25,3,2020,0,0,0,11,0,0,O'Higgins,0,0,0
26-03-2020,26,3,2020,0,0,0,14,0,0,O'Higgins,0,0,0
27-03-2020,27,3,2020,0,0,0,16,0,0,O'Higgins,0,0,0
28-03-2020,28,3,2020,0,0,0,20,0,0,O'Higgins,0,0,0
29-03-2020,29,3,2020,0,0,0,21,0,0,O'Higgins,0,0,0
30-03-2020,30,3,2020,0,0,0,21,0,0,O'Higgins,0,0,0
31-03-2020,31,3,2020,0,0,0,23,0,0,O'Higgins,0,0,0
01-04-2020,1,4,2020,0,0,0,26,0,0,O'Higgins,0,0,0
02-04-2020,2,4,2020,0,0,0,32,0,0,O'Higgins,0,0,0
03-04-2020,3,4,2020,0,0,0,33,0,0,O'Higgins,0,0,0
04-04-2020,4,4,2020,0,0,0,38,0,0,O'Higgins,0,0,0
05-04-2020,5,4,2020,0,0,0,41,0,0,O'Higgins,0,0,0
06-04-2020,6,4,2020,0,0,0,42,0,0,O'Higgins,0,0,0
07-04-2020,7,4,2020,0,0,0,42,0,0,O'Higgins,0,0,0
08-04-2020,8,4,2020,0,0,0,43,0,0,O'Higgins,0,0,0
09-04-2020,9,4,2020,0,0,0,44,0,0,O'Higgins,0,0,0
10-04-2020,10,4,2020,0,0,0,44,0,0,O'Higgins,0,0,0
11-04-2020,11,4,2020,0,0,0,45,0,0,O'Higgins,0,0,0
12-04-2020,12,4,2020,0,0,0,46,0,0,O'Higgins,0,0,0
13-04-2020,13,4,2020,0,0,0,48,0,0,O'Higgins,0,0,0
14-04-2020,14,4,2020,0,0,0,53,0,0,O'Higgins,0,0,0
15-04-2020,15,4,2020,0,0,0,54,0,0,O'Higgins,0,0,0
16-04-2020,16,4,2020,0,0,0,54,0,0,O'Higgins,0,0,0
17-04-2020,17,4,2020,0,0,0,55,0,0,O'Higgins,0,0,0
18-04-2020,18,4,2020,0,0,0,55,0,0,O'Higgins,0,0,0
03-03-2020,3,3,2020,0,0,0,0,0,0,Tarapaca,0,0,0
04-03-2020,4,3,2020,0,0,0,0,0,0,Tarapaca,0,0,0
05-03-2020,5,3,2020,0,0,0,0,0,0,Tarapaca,0,0,0
06-03-2020,6,3,2020,0,0,0,0,0,0,Tarapaca,0,0,0
07-03-2020,7,3,2020,0,0,0,0,0,0,Tarapaca,0,0,0
08-03-2020,8,3,2020,0,0,0,0,0,0,Tarapaca,0,0,0
09-03-2020,9,3,2020,0,0,0,0,0,0,Tarapaca,0,0,0
10-03-2020,10,3,2020,0,0,0,0,0,0,Tarapaca,0,0,0
11-03-2020,11,3,2020,0,0,0,0,0,0,Tarapaca,0,0,0
12-03-2020,12,3,2020,0,0,0,0,0,0,Tarapaca,0,0,0
13-03-2020,13,3,2020,0,0,0,0,0,0,Tarapaca,0,0,0
14-03-2020,14,3,2020,0,0,0,0,0,0,Tarapaca,0,0,0
15-03-2020,15,3,2020,0,0,0,0,0,0,Tarapaca,0,0,0
16-03-2020,16,3,2020,0,0,0,0,0,0,Tarapaca,0,0,0
17-03-2020,17,3,2020,0,0,0,0,0,0,Tarapaca,0,0,0
18-03-2020,18,3,2020,0,0,0,0,0,0,Tarapaca,0,0,0
19-03-2020,19,3,2020,0,0,0,0,0,0,Tarapaca,0,0,0
20-03-2020,20,3,2020,0,0,0,0,0,0,Tarapaca,0,0,0
21-03-2020,21,3,2020,0,0,0,0,0,0,Tarapaca,0,0,0
22-03-2020,22,3,2020,0,0,0,0,0,0,Tarapaca,0,0,0
23-03-2020,23,3,2020,0,0,0,1,0,0,Tarapaca,0,0,0
24-03-2020,24,3,2020,0,0,0,4,0,0,Tarapaca,0,0,0
25-03-2020,25,3,2020,0,0,0,4,0,0,Tarapaca,0,0,0
26-03-2020,26,3,2020,0,0,0,5,0,0,Tarapaca,0,0,0
27-03-2020,27,3,2020,0,0,0,5,0,0,Tarapaca,0,0,0
28-03-2020,28,3,2020,0,0,0,5,0,0,Tarapaca,0,0,0
29-03-2020,29,3,2020,0,0,0,6,0,0,Tarapaca,0,0,0
30-03-2020,30,3,2020,0,0,0,8,0,0,Tarapaca,0,0,0
31-03-2020,31,3,2020,0,0,0,10,0,0,Tarapaca,0,0,0
01-04-2020,1,4,2020,0,0,0,10,0,0,Tarapaca,0,0,0
02-04-2020,2,4,2020,0,0,0,12,0,0,Tarapaca,0,0,0
03-04-2020,3,4,2020,0,0,0,13,0,0,Tarapaca,0,0,0
04-04-2020,4,4,2020,0,0,0,17,0,0,Tarapaca,0,0,0
05-04-2020,5,4,2020,0,0,0,20,0,0,Tarapaca,0,0,0
06-04-2020,6,4,2020,0,0,0,21,0,0,Tarapaca,0,0,0
07-04-2020,7,4,2020,0,0,0,23,0,0,Tarapaca,0,0,0
08-04-2020,8,4,2020,0,0,0,26,0,0,Tarapaca,0,0,0
09-04-2020,9,4,2020,0,0,0,29,0,0,Tarapaca,0,0,0
10-04-2020,10,4,2020,0,0,0,35,0,0,Tarapaca,0,0,0
11-04-2020,11,4,2020,0,0,0,38,0,0,Tarapaca,0,0,0
12-04-2020,12,4,2020,0,0,0,46,0,0,Tarapaca,0,0,0
13-04-2020,13,4,2020,0,0,0,52,0,0,Tarapaca,0,0,0
14-04-2020,14,4,2020,0,0,0,62,0,0,Tarapaca,0,0,0
15-04-2020,15,4,2020,0,0,0,62,0,0,Tarapaca,0,0,0
16-04-2020,16,4,2020,0,0,0,66,0,0,Tarapaca,0,0,0
17-04-2020,17,4,2020,0,0,0,73,0,0,Tarapaca,0,0,0
18-04-2020,18,4,2020,0,0,0,81,0,0,Tarapaca,0,0,0
03-03-2020,3,3,2020,0,0,0,0,0,0,Valparaiso,0,0,0
04-03-2020,4,3,2020,0,0,0,0,0,0,Valparaiso,0,0,0
05-03-2020,5,3,2020,0,0,0,0,0,0,Valparaiso,0,0,0
06-03-2020,6,3,2020,0,0,0,0,0,0,Valparaiso,0,0,0
07-03-2020,7,3,2020,0,0,0,0,0,0,Valparaiso,0,0,0
08-03-2020,8,3,2020,0,0,0,0,0,0,Valparaiso,0,0,0
09-03-2020,9,3,2020,0,0,0,0,0,0,Valparaiso,0,0,0
10-03-2020,10,3,2020,0,0,0,0,0,0,Valparaiso,0,0,0
11-03-2020,11,3,2020,0,0,0,0,0,0,Valparaiso,0,0,0
12-03-2020,12,3,2020,0,0,0,0,0,0,Valparaiso,0,0,0
13-03-2020,13,3,2020,0,0,0,0,0,0,Valparaiso,0,0,0
14-03-2020,14,3,2020,0,0,0,0,0,0,Valparaiso,0,0,0
15-03-2020,15,3,2020,0,0,0,0,0,0,Valparaiso,0,0,0
16-03-2020,16,3,2020,0,0,0,1,0,0,Valparaiso,0,0,0
17-03-2020,17,3,2020,0,0,0,1,0,0,Valparaiso,0,0,0
18-03-2020,18,3,2020,0,0,0,1,0,0,Valparaiso,0,0,0
19-03-2020,19,3,2020,0,0,0,4,0,0,Valparaiso,0,0,0
20-03-2020,20,3,2020,0,0,0,5,0,0,Valparaiso,0,0,0
21-03-2020,21,3,2020,0,0,0,13,0,0,Valparaiso,0,0,0
22-03-2020,22,3,2020,0,0,0,16,0,0,Valparaiso,0,0,0
23-03-2020,23,3,2020,0,0,0,19,0,0,Valparaiso,0,0,0
24-03-2020,24,3,2020,0,0,0,25,0,0,Valparaiso,0,0,0
25-03-2020,25,3,2020,0,0,0,32,0,0,Valparaiso,0,0,0
26-03-2020,26,3,2020,0,0,0,44,0,0,Valparaiso,0,0,0
27-03-2020,27,3,2020,0,0,0,49,0,0,Valparaiso,0,0,0
28-03-2020,28,3,2020,0,0,0,71,0,0,Valparaiso,0,0,0
29-03-2020,29,3,2020,0,0,0,80,0,0,Valparaiso,0,0,0
30-03-2020,30,3,2020,0,0,0,108,0,0,Valparaiso,0,0,0
31-03-2020,31,3,2020,0,0,0,115,1,0,Valparaiso,0,0,0
01-04-2020,1,4,2020,0,0,0,136,1,0,Valparaiso,0,0,0
02-04-2020,2,4,2020,0,0,0,156,1,0,Valparaiso,0,0,0
03-04-2020,3,4,2020,0,0,0,176,1,0,Valparaiso,0,0,0
04-04-2020,4,4,2020,0,0,0,185,1,0,Valparaiso,0,0,0
05-04-2020,5,4,2020,0,0,0,191,1,0,Valparaiso,0,0,0
06-04-2020,6,4,2020,0,0,0,198,1,0,Valparaiso,0,0,0
07-04-2020,7,4,2020,0,0,0,214,1,0,Valparaiso,0,0,0
08-04-2020,8,4,2020,0,0,0,225,2,0,Valparaiso,0,0,0
09-04-2020,9,4,2020,0,0,0,230,2,0,Valparaiso,0,0,0
10-04-2020,10,4,2020,0,0,0,241,2,0,Valparaiso,0,0,0
11-04-2020,11,4,2020,0,0,0,248,2,0,Valparaiso,0,0,0
12-04-2020,12,4,2020,0,0,0,254,2,0,Valparaiso,0,0,0
13-04-2020,13,4,2020,0,0,0,273,2,0,Valparaiso,0,0,0
14-04-2020,14,4,2020,0,0,0,285,2,0,Valparaiso,0,0,0
15-04-2020,15,4,2020,0,0,0,299,2,0,Valparaiso,0,0,0
16-04-2020,16,4,2020,0,0,0,330,4,0,Valparaiso,0,0,0
17-04-2020,17,4,2020,0,0,0,345,4,0,Valparaiso,0,0,0
18-04-2020,18,4,2020,0,0,0,359,4,0,Valparaiso,0,0,0
03-03-2020,3,3,2020,0,0,0,0,0,0,Ñuble,0,0,0
04-03-2020,4,3,2020,0,0,0,0,0,0,Ñuble,0,0,0
05-03-2020,5,3,2020,0,0,0,0,0,0,Ñuble,0,0,0
06-03-2020,6,3,2020,0,0,0,0,0,0,Ñuble,0,0,0
07-03-2020,7,3,2020,0,0,0,0,0,0,Ñuble,0,0,0
08-03-2020,8,3,2020,0,0,0,0,0,0,Ñuble,0,0,0
09-03-2020,9,3,2020,0,0,0,0,0,0,Ñuble,0,0,0
10-03-2020,10,3,2020,0,0,0,0,0,0,Ñuble,0,0,0
11-03-2020,11,3,2020,0,0,0,0,0,0,Ñuble,0,0,0
12-03-2020,12,3,2020,0,0,0,1,0,0,Ñuble,0,0,0
13-03-2020,13,3,2020,0,0,0,2,0,0,Ñuble,0,0,0
14-03-2020,14,3,2020,0,0,0,4,0,0,Ñuble,0,0,0
15-03-2020,15,3,2020,0,0,0,4,0,0,Ñuble,0,0,0
16-03-2020,16,3,2020,0,0,0,12,0,0,Ñuble,0,0,0
17-03-2020,17,3,2020,0,0,0,26,0,0,Ñuble,0,0,0
18-03-2020,18,3,2020,0,0,0,26,0,0,Ñuble,0,0,0
19-03-2020,19,3,2020,0,0,0,28,0,0,Ñuble,0,0,0
20-03-2020,20,3,2020,0,0,0,44,0,0,Ñuble,0,0,0
21-03-2020,21,3,2020,0,0,0,58,0,0,Ñuble,0,0,0
22-03-2020,22,3,2020,0,0,0,64,0,0,Ñuble,0,0,0
23-03-2020,23,3,2020,0,0,0,81,0,0,Ñuble,0,0,0
24-03-2020,24,3,2020,0,0,0,105,0,0,Ñuble,0,0,0
25-03-2020,25,3,2020,0,0,0,111,0,0,Ñuble,0,0,0
26-03-2020,26,3,2020,0,0,0,114,0,0,Ñuble,0,0,0
27-03-2020,27,3,2020,0,0,0,144,0,0,Ñuble,0,0,0
28-03-2020,28,3,2020,0,0,0,172,0,0,Ñuble,0,0,0
29-03-2020,29,3,2020,0,0,0,197,0,0,Ñuble,0,0,0
30-03-2020,30,3,2020,0,0,0,229,0,0,Ñuble,0,0,0
31-03-2020,31,3,2020,0,0,0,245,0,0,Ñuble,0,0,0
01-04-2020,1,4,2020,0,0,0,259,0,0,Ñuble,0,0,0
02-04-2020,2,4,2020,0,0,0,341,0,0,Ñuble,0,0,0
03-04-2020,3,4,2020,0,0,0,370,1,0,Ñuble,0,0,0
04-04-2020,4,4,2020,0,0,0,401,2,0,Ñuble,0,0,0
05-04-2020,5,4,2020,0,0,0,425,3,0,Ñuble,0,0,0
06-04-2020,6,4,2020,0,0,0,474,4,0,Ñuble,0,0,0
07-04-2020,7,4,2020,0,0,0,522,5,0,Ñuble,0,0,0
08-04-2020,8,4,2020,0,0,0,561,5,0,Ñuble,0,0,0
09-04-2020,9,4,2020,0,0,0,571,6,0,Ñuble,0,0,0
10-04-2020,10,4,2020,0,0,0,589,6,0,Ñuble,0,0,0
11-04-2020,11,4,2020,0,0,0,606,6,0,Ñuble,0,0,0
12-04-2020,12,4,2020,0,0,0,613,7,0,Ñuble,0,0,0
13-04-2020,13,4,2020,0,0,0,618,7,0,Ñuble,0,0,0
14-04-2020,14,4,2020,0,0,0,622,8,0,Ñuble,0,0,0
15-04-2020,15,4,2020,0,0,0,634,8,0,Ñuble,0,0,0
16-04-2020,16,4,2020,0,0,0,639,10,0,Ñuble,0,0,0
17-04-2020,17,4,2020,0,0,0,656,11,0,Ñuble,0,0,0
18-04-2020,18,4,2020,0,0,0,667,12,0,Ñuble,0,0,0
